{
  "project_info": {
    "project_number": "888278550058",
    "project_id": "recipe-finder-9a24b",
    "storage_bucket": "recipe-finder-9a24b.firebasestorage.app"
  },
  "client": [
    {
      "client_info": {
        "mobilesdk_app_id": "1:888278550058:android:308a72299afd2b797e6553",
        "android_client_info": {
          "package_name": "com.group19.recipefinder"
        }
      },
      "oauth_client": [],
      "api_key": [
        {
          "current_key": "AIzaSyD5DrUmpkOURnB23Cua37OiurRPZgoeTDY"
        }
      ],
      "services": {
        "appinvite_service": {
          "other_platform_oauth_client": []
        }
      }
    }
  ],
  "configuration_version": "1"
}